bird_y,bird_velocity,gap_top,gap_bottom,pipe_dx,action
300,0,169,319,300,0
300,0.5,169,319,297,0
301,1.0,169,319,294,0
303,1.5,169,319,291,0
305,2.0,169,319,288,0
307,2.5,169,319,285,0
310,3.0,169,319,282,0
314,3.5,169,319,279,0
318,4.0,169,319,276,0
322,4.5,169,319,273,0
327,5.0,169,319,270,0
333,5.5,169,319,267,0
339,6.0,169,319,264,0
345,6.5,169,319,261,0
352,7.0,169,319,258,0
360,7.5,169,319,255,0
368,8.0,169,319,252,0
376,8.5,169,319,249,0
385,9.0,169,319,246,0
395,9.5,169,319,243,0
405,10.0,169,319,240,0
415,10.5,169,319,237,0
426,11.0,169,319,234,0
438,11.5,169,319,231,0
450,12.0,169,319,228,0
462,12.5,169,319,225,0
475,13.0,169,319,222,0
489,13.5,169,319,219,0
503,14.0,169,319,216,0
517,14.5,169,319,213,0
532,15.0,169,319,210,0
548,15.5,169,319,207,0
564,16.0,169,319,204,0
300,0,288,438,300,0
300,0.5,288,438,297,0
301,1.0,288,438,294,0
303,1.5,288,438,291,0
305,2.0,288,438,288,0
307,2.5,288,438,285,0
310,3.0,288,438,282,0
314,3.5,288,438,279,0
318,4.0,288,438,276,0
322,4.5,288,438,273,0
327,5.0,288,438,270,0
333,5.5,288,438,267,0
339,6.0,288,438,264,0
345,6.5,288,438,261,0
352,7.0,288,438,258,0
360,7.5,288,438,255,0
368,8.0,288,438,252,0
376,8.5,288,438,249,0
385,9.0,288,438,246,0
395,9.5,288,438,243,0
405,10.0,288,438,240,0
415,10.5,288,438,237,0
426,-10,288,438,234,0
417,-9.5,288,438,231,0
408,-9.0,288,438,228,0
399,-8.5,288,438,225,0
391,-8.0,288,438,222,0
384,-7.5,288,438,219,0
377,-7.0,288,438,216,0
370,-6.5,288,438,213,0
364,-6.0,288,438,210,0
359,-5.5,288,438,207,0
354,-5.0,288,438,204,0
349,-4.5,288,438,201,0
345,-4.0,288,438,198,0
342,-3.5,288,438,195,0
339,-3.0,288,438,192,0
336,-2.5,288,438,189,0
334,-2.0,288,438,186,0
333,-1.5,288,438,183,0
332,-1.0,288,438,180,0
331,-0.5,288,438,177,0
331,0.0,288,438,174,0
332,0.5,288,438,171,0
333,1.0,288,438,168,0
334,1.5,288,438,165,0
336,2.0,288,438,162,0
339,2.5,288,438,159,0
342,3.0,288,438,156,0
345,3.5,288,438,153,0
349,4.0,288,438,150,0
354,4.5,288,438,147,0
359,5.0,288,438,144,0
364,5.5,288,438,141,1
355,-9.5,288,438,138,0
346,-9.0,288,438,135,0
337,-10,288,438,132,0
328,-9.5,288,438,129,0
319,-9.0,288,438,126,0
310,-8.5,288,438,123,0
302,-8.0,288,438,120,0
295,-7.5,288,438,117,0
288,-7.0,288,438,114,0
281,-6.5,288,438,111,0
275,-6.0,288,438,108,0
270,-5.5,288,438,105,0
265,-5.0,288,438,102,0
260,-4.5,288,438,99,0
256,-4.0,288,438,96,0
253,-3.5,288,438,93,0
250,-3.0,288,438,90,0
247,-2.5,288,438,87,0
245,-2.0,288,438,84,0
244,-1.5,288,438,81,0
243,-1.0,288,438,78,0
242,-0.5,288,438,75,0
242,0.0,288,438,72,0
243,0.5,288,438,69,0
244,1.0,288,438,66,0
245,1.5,288,438,63,0
247,2.0,288,438,60,0
250,2.5,288,438,57,0
253,3.0,288,438,54,0
256,3.5,288,438,51,0
260,4.0,288,438,48,0
265,4.5,288,438,45,0
270,5.0,288,438,42,0
275,5.5,288,438,39,0
281,6.0,288,438,36,0
288,6.5,288,438,33,0
295,7.0,288,438,30,0
302,7.5,288,438,27,0
310,8.0,288,438,24,0
319,8.5,288,438,21,0
328,9.0,288,438,18,0
337,9.5,288,438,15,0
347,10.0,288,438,12,0
358,10.5,288,438,9,0
369,11.0,288,438,6,1
359,-9.5,288,438,3,1
350,-9.5,288,438,0,0
341,-9.0,288,438,-3,0
332,-8.5,288,438,-6,0
324,-10,288,438,-9,0
315,-9.5,288,438,-12,0
306,-9.0,288,438,-15,0
297,-8.5,288,438,-18,0
289,-8.0,288,438,-21,0
300,0,220,370,300,0
300,0.5,220,370,297,0
301,1.0,220,370,294,0
303,1.5,220,370,291,0
305,2.0,220,370,288,0
307,2.5,220,370,285,0
310,3.0,220,370,282,0
314,3.5,220,370,279,0
318,4.0,220,370,276,0
322,4.5,220,370,273,0
327,5.0,220,370,270,0
333,5.5,220,370,267,0
339,6.0,220,370,264,0
345,6.5,220,370,261,0
352,7.0,220,370,258,0
360,7.5,220,370,255,0
368,8.0,220,370,252,0
376,8.5,220,370,249,0
385,9.0,220,370,246,0
395,9.5,220,370,243,0
405,10.0,220,370,240,0
415,10.5,220,370,237,0
426,11.0,220,370,234,0
438,11.5,220,370,231,0
450,12.0,220,370,228,0
462,12.5,220,370,225,0
475,13.0,220,370,222,0
489,13.5,220,370,219,0
503,14.0,220,370,216,0
517,-10,220,370,213,0
508,-9.5,220,370,210,0
499,-9.0,220,370,207,0
490,-8.5,220,370,204,0
482,-8.0,220,370,201,0
475,-7.5,220,370,198,0
468,-7.0,220,370,195,0
461,-6.5,220,370,192,0
455,-6.0,220,370,189,0
450,-5.5,220,370,186,0
445,-5.0,220,370,183,0
440,-4.5,220,370,180,0
436,-4.0,220,370,177,1
427,-9.5,220,370,174,1
417,-9.5,220,370,171,1
408,-9.5,220,370,168,1
398,-9.5,220,370,165,1
389,-9.5,220,370,162,1
379,-9.5,220,370,159,1
370,-9.5,220,370,156,1
360,-9.5,220,370,153,1
351,-9.5,220,370,150,1
341,-9.5,220,370,147,1
332,-9.5,220,370,144,1
322,-9.5,220,370,141,1
313,-9.5,220,370,138,1
303,-9.5,220,370,135,1
294,-9.5,220,370,132,1
284,-10,220,370,129,0
275,-9.5,220,370,126,0
266,-9.0,220,370,123,0
257,-8.5,220,370,120,0
249,-8.0,220,370,117,0
242,-7.5,220,370,114,0
235,-7.0,220,370,111,0
228,-6.5,220,370,108,0
222,-6.0,220,370,105,0
217,-5.5,220,370,102,0
212,-5.0,220,370,99,0
207,-4.5,220,370,96,0
203,-4.0,220,370,93,0
200,-3.5,220,370,90,0
197,-3.0,220,370,87,0
194,-2.5,220,370,84,0
192,-2.0,220,370,81,0
191,-1.5,220,370,78,0
190,-1.0,220,370,75,0
189,-0.5,220,370,72,0
189,0.0,220,370,69,0
190,0.5,220,370,66,0
191,1.0,220,370,63,0
192,1.5,220,370,60,0
194,2.0,220,370,57,0
197,2.5,220,370,54,0
200,3.0,220,370,51,0
203,3.5,220,370,48,0
207,4.0,220,370,45,0
212,4.5,220,370,42,0
217,5.0,220,370,39,0
222,5.5,220,370,36,0
228,6.0,220,370,33,0
235,6.5,220,370,30,0
242,7.0,220,370,27,0
249,7.5,220,370,24,0
257,8.0,220,370,21,0
266,8.5,220,370,18,0
275,9.0,220,370,15,0
284,9.5,220,370,12,0
294,10.0,220,370,9,0
305,10.5,220,370,6,1
295,-9.5,220,370,3,1
286,-10,220,370,0,0
276,-9.5,220,370,-3,0
267,-9.0,220,370,-6,0
259,-8.5,220,370,-9,0
251,-8.0,220,370,-12,0
243,-7.5,220,370,-15,0
236,-7.0,220,370,-18,0
230,-6.5,220,370,-21,0
224,-6.0,220,370,-24,0
300,0,205,355,300,0
300,0.5,205,355,297,0
301,1.0,205,355,294,0
303,1.5,205,355,291,0
305,2.0,205,355,288,0
307,2.5,205,355,285,0
310,3.0,205,355,282,0
314,3.5,205,355,279,0
318,4.0,205,355,276,0
322,4.5,205,355,273,0
327,5.0,205,355,270,0
333,5.5,205,355,267,0
339,6.0,205,355,264,0
345,6.5,205,355,261,0
352,7.0,205,355,258,0
360,7.5,205,355,255,0
368,8.0,205,355,252,0
376,8.5,205,355,249,0
385,9.0,205,355,246,0
395,9.5,205,355,243,0
405,10.0,205,355,240,0
415,10.5,205,355,237,0
426,11.0,205,355,234,0
438,11.5,205,355,231,0
450,12.0,205,355,228,0
462,12.5,205,355,225,0
475,13.0,205,355,222,0
489,13.5,205,355,219,0
503,14.0,205,355,216,0
517,14.5,205,355,213,0
532,15.0,205,355,210,0
548,15.5,205,355,207,0
564,16.0,205,355,204,0
300,0,156,306,300,0
300,0.5,156,306,297,0
301,1.0,156,306,294,0
303,1.5,156,306,291,0
305,2.0,156,306,288,0
307,2.5,156,306,285,0
310,3.0,156,306,282,0
314,3.5,156,306,279,0
318,4.0,156,306,276,0
322,4.5,156,306,273,0
327,5.0,156,306,270,0
333,5.5,156,306,267,0
339,6.0,156,306,264,0
345,6.5,156,306,261,0
352,7.0,156,306,258,0
360,7.5,156,306,255,0
368,8.0,156,306,252,0
376,8.5,156,306,249,0
385,9.0,156,306,246,0
395,9.5,156,306,243,0
405,10.0,156,306,240,0
415,10.5,156,306,237,0
426,11.0,156,306,234,0
438,11.5,156,306,231,0
450,12.0,156,306,228,0
462,12.5,156,306,225,0
475,13.0,156,306,222,0
489,13.5,156,306,219,0
503,14.0,156,306,216,0
517,14.5,156,306,213,0
532,15.0,156,306,210,0
548,15.5,156,306,207,0
564,16.0,156,306,204,0
300,0,285,435,300,0
300,0.5,285,435,297,0
301,1.0,285,435,294,0
303,1.5,285,435,291,0
305,2.0,285,435,288,0
307,2.5,285,435,285,0
310,3.0,285,435,282,0
314,3.5,285,435,279,0
318,4.0,285,435,276,0
322,4.5,285,435,273,0
327,5.0,285,435,270,0
333,5.5,285,435,267,0
339,6.0,285,435,264,0
345,6.5,285,435,261,0
352,7.0,285,435,258,0
360,7.5,285,435,255,0
368,8.0,285,435,252,0
376,8.5,285,435,249,0
385,9.0,285,435,246,0
395,9.5,285,435,243,0
405,10.0,285,435,240,0
415,10.5,285,435,237,0
426,11.0,285,435,234,0
438,-10,285,435,231,0
428,-9.5,285,435,228,0
419,-9.0,285,435,225,0
411,-8.5,285,435,222,0
403,-8.0,285,435,219,0
395,-7.5,285,435,216,0
388,-7.0,285,435,213,0
382,-6.5,285,435,210,0
376,-6.0,285,435,207,0
370,-5.5,285,435,204,0
365,-5.0,285,435,201,0
361,-4.5,285,435,198,0
357,-4.0,285,435,195,0
353,-3.5,285,435,192,0
350,-3.0,285,435,189,0
348,-2.5,285,435,186,0
346,-2.0,285,435,183,0
344,-1.5,285,435,180,0
343,-1.0,285,435,177,0
343,-0.5,285,435,174,0
343,0.0,285,435,171,0
343,0.5,285,435,168,0
344,1.0,285,435,165,0
346,1.5,285,435,162,0
348,2.0,285,435,159,0
350,2.5,285,435,156,0
353,3.0,285,435,153,0
357,3.5,285,435,150,0
361,4.0,285,435,147,1
351,-9.5,285,435,144,0
342,-9.0,285,435,141,0
334,-8.5,285,435,138,0
326,-8.0,285,435,135,0
318,-7.5,285,435,132,0
311,-7.0,285,435,129,0
305,-6.5,285,435,126,0
299,-6.0,285,435,123,0
293,-5.5,285,435,120,0
288,-5.0,285,435,117,0
284,-4.5,285,435,114,0
280,-4.0,285,435,111,0
276,-10,285,435,108,0
267,-9.5,285,435,105,0
258,-9.0,285,435,102,0
249,-8.5,285,435,99,0
241,-8.0,285,435,96,0
234,-7.5,285,435,93,0
227,-7.0,285,435,90,0
220,-6.5,285,435,87,0
214,-6.0,285,435,84,0
209,-5.5,285,435,81,0
204,-5.0,285,435,78,0
199,-4.5,285,435,75,0
195,-4.0,285,435,72,0
192,-3.5,285,435,69,0
189,-3.0,285,435,66,0
186,-2.5,285,435,63,0
184,-2.0,285,435,60,0
183,-1.5,285,435,57,0
182,-1.0,285,435,54,0
181,-0.5,285,435,51,0
181,0.0,285,435,48,0
182,0.5,285,435,45,0
183,1.0,285,435,42,0
184,1.5,285,435,39,0
186,2.0,285,435,36,0
300,0,109,259,300,0
300,0.5,109,259,297,0
301,1.0,109,259,294,0
303,1.5,109,259,291,0
305,2.0,109,259,288,0
307,2.5,109,259,285,0
310,3.0,109,259,282,0
314,3.5,109,259,279,0
318,4.0,109,259,276,0
322,4.5,109,259,273,0
327,5.0,109,259,270,0
333,5.5,109,259,267,0
339,6.0,109,259,264,0
345,6.5,109,259,261,0
352,7.0,109,259,258,0
360,7.5,109,259,255,0
368,8.0,109,259,252,0
376,8.5,109,259,249,0
385,9.0,109,259,246,0
395,9.5,109,259,243,0
405,10.0,109,259,240,0
415,10.5,109,259,237,0
426,11.0,109,259,234,0
438,11.5,109,259,231,0
450,12.0,109,259,228,0
462,12.5,109,259,225,0
475,13.0,109,259,222,0
489,13.5,109,259,219,0
503,14.0,109,259,216,0
517,14.5,109,259,213,0
532,15.0,109,259,210,0
548,15.5,109,259,207,0
564,16.0,109,259,204,0
300,0,343,493,300,0
300,0.5,343,493,297,0
301,1.0,343,493,294,0
303,1.5,343,493,291,0
305,2.0,343,493,288,0
307,2.5,343,493,285,0
310,3.0,343,493,282,0
314,3.5,343,493,279,0
318,4.0,343,493,276,0
322,4.5,343,493,273,0
327,5.0,343,493,270,0
333,5.5,343,493,267,0
339,6.0,343,493,264,0
345,6.5,343,493,261,0
352,7.0,343,493,258,0
360,7.5,343,493,255,0
368,8.0,343,493,252,0
376,8.5,343,493,249,0
385,9.0,343,493,246,0
395,9.5,343,493,243,0
405,10.0,343,493,240,0
415,-10,343,493,237,0
406,-9.5,343,493,234,0
397,-9.0,343,493,231,0
388,-8.5,343,493,228,0
380,-8.0,343,493,225,0
373,-7.5,343,493,222,0
366,-7.0,343,493,219,0
359,-6.5,343,493,216,0
353,-6.0,343,493,213,0
348,-5.5,343,493,210,0
343,-5.0,343,493,207,0
338,-4.5,343,493,204,0
334,-4.0,343,493,201,0
331,-3.5,343,493,198,0
328,-3.0,343,493,195,0
325,-2.5,343,493,192,0
323,-2.0,343,493,189,0
322,-1.5,343,493,186,0
321,-1.0,343,493,183,0
320,-0.5,343,493,180,0
320,0.0,343,493,177,0
321,0.5,343,493,174,0
322,1.0,343,493,171,0
323,1.5,343,493,168,0
325,2.0,343,493,165,0
328,2.5,343,493,162,0
331,3.0,343,493,159,0
334,3.5,343,493,156,0
338,4.0,343,493,153,0
343,4.5,343,493,150,0
348,5.0,343,493,147,0
353,5.5,343,493,144,0
359,6.0,343,493,141,0
366,6.5,343,493,138,0
373,7.0,343,493,135,0
380,7.5,343,493,132,0
388,8.0,343,493,129,0
397,8.5,343,493,126,0
406,9.0,343,493,123,0
415,9.5,343,493,120,0
425,10.0,343,493,117,1
416,-9.5,343,493,114,1
406,-9.5,343,493,111,0
397,-9.0,343,493,108,0
389,-8.5,343,493,105,0
381,-8.0,343,493,102,0
373,-7.5,343,493,99,0
366,-7.0,343,493,96,0
360,-6.5,343,493,93,0
354,-6.0,343,493,90,0
348,-5.5,343,493,87,0
343,-5.0,343,493,84,0
339,-4.5,343,493,81,0
335,-4.0,343,493,78,0
331,-3.5,343,493,75,0
328,-3.0,343,493,72,0
326,-2.5,343,493,69,0
324,-2.0,343,493,66,0
322,-1.5,343,493,63,0
321,-1.0,343,493,60,0
321,-0.5,343,493,57,0
321,0.0,343,493,54,0
321,0.5,343,493,51,0
322,1.0,343,493,48,0
324,1.5,343,493,45,0
326,2.0,343,493,42,0
328,2.5,343,493,39,0
331,3.0,343,493,36,0
300,0,130,280,300,0
300,0.5,130,280,297,0
301,1.0,130,280,294,0
303,1.5,130,280,291,0
305,2.0,130,280,288,0
307,2.5,130,280,285,0
310,3.0,130,280,282,0
314,3.5,130,280,279,0
318,4.0,130,280,276,0
322,4.5,130,280,273,0
327,5.0,130,280,270,0
333,5.5,130,280,267,0
339,6.0,130,280,264,0
345,6.5,130,280,261,0
352,7.0,130,280,258,0
360,7.5,130,280,255,0
368,8.0,130,280,252,0
376,8.5,130,280,249,0
385,9.0,130,280,246,0
395,9.5,130,280,243,0
405,10.0,130,280,240,0
415,10.5,130,280,237,0
426,11.0,130,280,234,0
438,11.5,130,280,231,0
450,12.0,130,280,228,0
462,12.5,130,280,225,0
475,13.0,130,280,222,0
489,13.5,130,280,219,0
503,14.0,130,280,216,0
517,14.5,130,280,213,0
532,15.0,130,280,210,0
548,15.5,130,280,207,0
564,16.0,130,280,204,0
300,0,147,297,300,0
300,0.5,147,297,297,0
301,1.0,147,297,294,0
303,1.5,147,297,291,0
305,2.0,147,297,288,0
307,2.5,147,297,285,0
310,3.0,147,297,282,0
314,3.5,147,297,279,0
318,4.0,147,297,276,0
322,4.5,147,297,273,0
327,5.0,147,297,270,0
333,5.5,147,297,267,0
339,6.0,147,297,264,0
345,6.5,147,297,261,0
352,7.0,147,297,258,0
360,7.5,147,297,255,0
368,8.0,147,297,252,0
376,8.5,147,297,249,0
385,9.0,147,297,246,0
395,9.5,147,297,243,0
405,-10,147,297,240,0
395,-9.5,147,297,237,0
386,-9.0,147,297,234,0
378,-8.5,147,297,231,0
370,-8.0,147,297,228,0
362,-7.5,147,297,225,0
355,-7.0,147,297,222,0
349,-6.5,147,297,219,0
343,-6.0,147,297,216,0
337,-5.5,147,297,213,0
332,-5.0,147,297,210,0
328,-4.5,147,297,207,0
324,-4.0,147,297,204,0
320,-3.5,147,297,201,0
317,-3.0,147,297,198,0
315,-2.5,147,297,195,0
313,-2.0,147,297,192,0
311,-1.5,147,297,189,0
310,-1.0,147,297,186,0
310,-0.5,147,297,183,0
310,0.0,147,297,180,0
310,0.5,147,297,177,1
301,-9.5,147,297,174,1
291,-9.5,147,297,171,1
282,-9.5,147,297,168,1
272,-9.5,147,297,165,1
263,-9.5,147,297,162,1
253,-9.5,147,297,159,1
244,-9.5,147,297,156,1
234,-9.5,147,297,153,1
225,-9.5,147,297,150,1
215,-9.5,147,297,147,0
206,-9.0,147,297,144,0
198,-8.5,147,297,141,0
190,-8.0,147,297,138,0
182,-7.5,147,297,135,0
175,-7.0,147,297,132,0
169,-6.5,147,297,129,0
163,-6.0,147,297,126,0
157,-5.5,147,297,123,0
152,-5.0,147,297,120,0
148,-4.5,147,297,117,0
144,-4.0,147,297,114,0
140,-3.5,147,297,111,0
137,-3.0,147,297,108,0
135,-2.5,147,297,105,0
133,-2.0,147,297,102,0
131,-1.5,147,297,99,0
130,-1.0,147,297,96,0
130,-0.5,147,297,93,0
130,0.0,147,297,90,0
130,0.5,147,297,87,0
131,1.0,147,297,84,0
133,1.5,147,297,81,0
135,2.0,147,297,78,0
137,2.5,147,297,75,0
140,3.0,147,297,72,0
144,3.5,147,297,69,0
148,4.0,147,297,66,0
152,4.5,147,297,63,0
157,5.0,147,297,60,0
163,5.5,147,297,57,0
169,6.0,147,297,54,0
175,6.5,147,297,51,0
182,7.0,147,297,48,0
190,7.5,147,297,45,0
198,8.0,147,297,42,0
206,8.5,147,297,39,0
215,9.0,147,297,36,0
225,9.5,147,297,33,1
215,-9.5,147,297,30,0
206,-9.0,147,297,27,0
198,-8.5,147,297,24,0
190,-8.0,147,297,21,0
182,-7.5,147,297,18,0
175,-7.0,147,297,15,0
169,-6.5,147,297,12,0
163,-6.0,147,297,9,0
157,-5.5,147,297,6,0
152,-5.0,147,297,3,0
148,-4.5,147,297,0,0
300,0,336,486,300,0
300,0.5,336,486,297,0
301,1.0,336,486,294,0
303,1.5,336,486,291,0
305,2.0,336,486,288,0
307,2.5,336,486,285,0
310,3.0,336,486,282,0
314,3.5,336,486,279,0
318,4.0,336,486,276,0
322,4.5,336,486,273,0
327,5.0,336,486,270,0
333,5.5,336,486,267,0
339,6.0,336,486,264,0
345,6.5,336,486,261,0
352,7.0,336,486,258,0
360,7.5,336,486,255,0
368,8.0,336,486,252,0
376,8.5,336,486,249,0
385,9.0,336,486,246,0
395,9.5,336,486,243,0
405,10.0,336,486,240,0
415,10.5,336,486,237,0
426,11.0,336,486,234,0
438,11.5,336,486,231,0
450,12.0,336,486,228,0
462,12.5,336,486,225,0
475,13.0,336,486,222,0
489,13.5,336,486,219,0
503,14.0,336,486,216,0
517,14.5,336,486,213,0
532,15.0,336,486,210,0
548,15.5,336,486,207,0
564,16.0,336,486,204,0
300,0,345,495,300,0
300,0.5,345,495,297,0
301,1.0,345,495,294,0
303,1.5,345,495,291,0
305,2.0,345,495,288,0
307,2.5,345,495,285,0
310,3.0,345,495,282,0
314,3.5,345,495,279,0
318,4.0,345,495,276,0
322,4.5,345,495,273,0
327,5.0,345,495,270,0
333,5.5,345,495,267,0
339,6.0,345,495,264,0
345,6.5,345,495,261,0
352,7.0,345,495,258,0
360,7.5,345,495,255,0
368,8.0,345,495,252,0
376,8.5,345,495,249,0
385,9.0,345,495,246,0
395,9.5,345,495,243,0
405,10.0,345,495,240,0
415,10.5,345,495,237,0
426,11.0,345,495,234,0
438,-10,345,495,231,0
428,-9.5,345,495,228,0
419,-9.0,345,495,225,0
411,-8.5,345,495,222,0
403,-8.0,345,495,219,0
395,-7.5,345,495,216,0
388,-7.0,345,495,213,0
382,-6.5,345,495,210,0
376,-6.0,345,495,207,0
370,-5.5,345,495,204,0
365,-5.0,345,495,201,0
361,-4.5,345,495,198,0
357,-4.0,345,495,195,0
353,-3.5,345,495,192,0
350,-3.0,345,495,189,0
348,-2.5,345,495,186,0
346,-2.0,345,495,183,0
344,-1.5,345,495,180,0
343,-1.0,345,495,177,0
343,-0.5,345,495,174,0
343,0.0,345,495,171,0
343,0.5,345,495,168,0
344,1.0,345,495,165,0
346,1.5,345,495,162,0
348,2.0,345,495,159,0
350,2.5,345,495,156,0
353,3.0,345,495,153,0
357,3.5,345,495,150,0
361,4.0,345,495,147,0
365,4.5,345,495,144,0
370,5.0,345,495,141,0
376,5.5,345,495,138,1
366,-9.5,345,495,135,0
357,-9.0,345,495,132,0
349,-8.5,345,495,129,0
341,-8.0,345,495,126,0
333,-7.5,345,495,123,0
326,-7.0,345,495,120,0
320,-6.5,345,495,117,0
314,-6.0,345,495,114,0
308,-5.5,345,495,111,0
303,-5.0,345,495,108,0
299,-4.5,345,495,105,0
295,-4.0,345,495,102,0
291,-3.5,345,495,99,0
288,-3.0,345,495,96,0
286,-2.5,345,495,93,0
284,-2.0,345,495,90,0
282,-1.5,345,495,87,0
281,-1.0,345,495,84,0
281,-0.5,345,495,81,0
281,0.0,345,495,78,0
281,0.5,345,495,75,0
282,1.0,345,495,72,0
284,1.5,345,495,69,0
286,2.0,345,495,66,0
288,2.5,345,495,63,0
291,3.0,345,495,60,0
295,3.5,345,495,57,0
299,4.0,345,495,54,0
303,4.5,345,495,51,0
308,5.0,345,495,48,0
314,5.5,345,495,45,1
304,-9.5,345,495,42,0
295,-9.0,345,495,39,0
287,-8.5,345,495,36,0
300,0,109,259,300,0
300,0.5,109,259,297,0
301,1.0,109,259,294,0
303,1.5,109,259,291,0
305,2.0,109,259,288,0
307,2.5,109,259,285,0
310,3.0,109,259,282,0
314,3.5,109,259,279,0
318,4.0,109,259,276,0
322,4.5,109,259,273,0
327,5.0,109,259,270,0
333,5.5,109,259,267,0
339,6.0,109,259,264,0
345,6.5,109,259,261,0
352,7.0,109,259,258,0
360,7.5,109,259,255,0
368,8.0,109,259,252,0
376,8.5,109,259,249,0
385,9.0,109,259,246,0
395,9.5,109,259,243,0
405,10.0,109,259,240,0
415,10.5,109,259,237,0
426,11.0,109,259,234,0
438,11.5,109,259,231,0
450,12.0,109,259,228,0
462,12.5,109,259,225,0
475,-10,109,259,222,0
466,-9.5,109,259,219,0
457,-9.0,109,259,216,0
448,-8.5,109,259,213,0
440,-8.0,109,259,210,0
433,-7.5,109,259,207,0
426,-7.0,109,259,204,0
419,-6.5,109,259,201,0
413,-6.0,109,259,198,1
404,-9.5,109,259,195,1
394,-9.5,109,259,192,1
385,-9.5,109,259,189,1
375,-9.5,109,259,186,1
366,-9.5,109,259,183,1
356,-9.5,109,259,180,1
347,-9.5,109,259,177,1
337,-9.5,109,259,174,1
328,-9.5,109,259,171,1
318,-9.5,109,259,168,1
309,-9.5,109,259,165,1
299,-9.5,109,259,162,1
290,-9.5,109,259,159,1
280,-9.5,109,259,156,1
271,-9.5,109,259,153,1
261,-9.5,109,259,150,1
252,-9.5,109,259,147,1
242,-9.5,109,259,144,0
233,-9.0,109,259,141,0
225,-8.5,109,259,138,0
217,-8.0,109,259,135,0
209,-7.5,109,259,132,0
202,-7.0,109,259,129,0
196,-6.5,109,259,126,0
190,-6.0,109,259,123,0
184,-5.5,109,259,120,0
179,-5.0,109,259,117,0
175,-4.5,109,259,114,0
171,-4.0,109,259,111,0
167,-3.5,109,259,108,0
164,-3.0,109,259,105,0
162,-2.5,109,259,102,0
160,-2.0,109,259,99,0
158,-1.5,109,259,96,0
157,-1.0,109,259,93,0
157,-0.5,109,259,90,0
157,0.0,109,259,87,0
157,0.5,109,259,84,0
158,1.0,109,259,81,0
160,1.5,109,259,78,0
162,2.0,109,259,75,0
164,2.5,109,259,72,0
167,3.0,109,259,69,0
171,3.5,109,259,66,0
175,4.0,109,259,63,0
179,4.5,109,259,60,0
184,5.0,109,259,57,0
190,5.5,109,259,54,1
180,-9.5,109,259,51,0
171,-9.0,109,259,48,0
163,-8.5,109,259,45,0
155,-8.0,109,259,42,0
147,-7.5,109,259,39,0
140,-7.0,109,259,36,0
134,-6.5,109,259,33,0
128,-6.0,109,259,30,0
122,-5.5,109,259,27,0
117,-5.0,109,259,24,0
113,-4.5,109,259,21,0
109,-4.0,109,259,18,0
300,0,316,466,300,0
300,0.5,316,466,297,0
301,1.0,316,466,294,0
303,1.5,316,466,291,0
305,2.0,316,466,288,0
307,2.5,316,466,285,0
310,3.0,316,466,282,0
314,3.5,316,466,279,0
318,4.0,316,466,276,0
322,4.5,316,466,273,0
327,5.0,316,466,270,0
333,5.5,316,466,267,0
339,6.0,316,466,264,0
345,6.5,316,466,261,0
352,7.0,316,466,258,0
360,7.5,316,466,255,0
368,8.0,316,466,252,0
376,8.5,316,466,249,0
385,9.0,316,466,246,0
395,9.5,316,466,243,0
405,10.0,316,466,240,0
415,10.5,316,466,237,0
426,11.0,316,466,234,0
438,11.5,316,466,231,0
450,12.0,316,466,228,0
462,12.5,316,466,225,0
475,13.0,316,466,222,0
489,13.5,316,466,219,0
503,14.0,316,466,216,0
517,14.5,316,466,213,0
532,15.0,316,466,210,0
548,15.5,316,466,207,0
564,16.0,316,466,204,0
300,0,312,462,300,0
300,0.5,312,462,297,0
301,1.0,312,462,294,0
303,1.5,312,462,291,0
305,2.0,312,462,288,0
307,2.5,312,462,285,0
310,3.0,312,462,282,0
314,3.5,312,462,279,0
318,4.0,312,462,276,0
322,4.5,312,462,273,0
327,5.0,312,462,270,0
333,5.5,312,462,267,0
339,6.0,312,462,264,0
345,6.5,312,462,261,0
352,7.0,312,462,258,0
360,7.5,312,462,255,0
368,8.0,312,462,252,0
376,8.5,312,462,249,0
385,9.0,312,462,246,0
395,9.5,312,462,243,0
405,10.0,312,462,240,0
415,10.5,312,462,237,0
426,11.0,312,462,234,0
438,11.5,312,462,231,0
450,12.0,312,462,228,0
462,12.5,312,462,225,0
475,13.0,312,462,222,0
489,13.5,312,462,219,0
503,14.0,312,462,216,0
517,14.5,312,462,213,0
532,15.0,312,462,210,0
548,15.5,312,462,207,0
564,16.0,312,462,204,0
300,0,156,306,300,0
300,0.5,156,306,297,0
301,1.0,156,306,294,0
303,1.5,156,306,291,0
305,2.0,156,306,288,0
307,2.5,156,306,285,0
310,3.0,156,306,282,0
314,3.5,156,306,279,0
318,4.0,156,306,276,0
322,4.5,156,306,273,0
327,5.0,156,306,270,0
333,5.5,156,306,267,0
339,6.0,156,306,264,0
345,6.5,156,306,261,0
352,7.0,156,306,258,0
360,7.5,156,306,255,0
368,8.0,156,306,252,0
376,8.5,156,306,249,0
385,9.0,156,306,246,0
395,-10,156,306,243,0
385,-9.5,156,306,240,0
376,-9.0,156,306,237,0
368,-8.5,156,306,234,0
360,-8.0,156,306,231,0
352,-7.5,156,306,228,0
345,-7.0,156,306,225,0
339,-6.5,156,306,222,0
333,-6.0,156,306,219,0
327,-5.5,156,306,216,0
322,-5.0,156,306,213,0
318,-4.5,156,306,210,0
314,-4.0,156,306,207,0
310,-3.5,156,306,204,0
307,-3.0,156,306,201,0
305,-2.5,156,306,198,1
295,-9.5,156,306,195,1
286,-9.5,156,306,192,0
277,-9.0,156,306,189,0
268,-8.5,156,306,186,0
260,-8.0,156,306,183,0
253,-7.5,156,306,180,0
246,-7.0,156,306,177,0
239,-6.5,156,306,174,0
233,-6.0,156,306,171,0
228,-5.5,156,306,168,0
223,-5.0,156,306,165,0
218,-4.5,156,306,162,0
214,-4.0,156,306,159,0
211,-3.5,156,306,156,0
208,-3.0,156,306,153,0
205,-2.5,156,306,150,0
203,-2.0,156,306,147,0
202,-1.5,156,306,144,0
201,-1.0,156,306,141,0
200,-0.5,156,306,138,0
200,0.0,156,306,135,0
201,0.5,156,306,132,0
202,1.0,156,306,129,0
203,1.5,156,306,126,0
205,2.0,156,306,123,0
208,2.5,156,306,120,0
211,3.0,156,306,117,0
214,3.5,156,306,114,0
218,4.0,156,306,111,0
223,4.5,156,306,108,0
228,5.0,156,306,105,0
233,5.5,156,306,102,1
224,-9.5,156,306,99,0
215,-9.0,156,306,96,0
206,-8.5,156,306,93,0
198,-8.0,156,306,90,0
191,-7.5,156,306,87,0
184,-7.0,156,306,84,0
177,-6.5,156,306,81,0
171,-6.0,156,306,78,0
166,-5.5,156,306,75,0
161,-5.0,156,306,72,0
156,-4.5,156,306,69,0
152,-4.0,156,306,66,0
149,-3.5,156,306,63,0
146,-3.0,156,306,60,0
143,-2.5,156,306,57,0
141,-2.0,156,306,54,0
140,-1.5,156,306,51,0
139,-1.0,156,306,48,0
138,-0.5,156,306,45,0
138,0.0,156,306,42,0
139,0.5,156,306,39,0
140,1.0,156,306,36,0
300,0,165,315,300,0
300,0.5,165,315,297,0
301,1.0,165,315,294,0
303,1.5,165,315,291,0
305,2.0,165,315,288,0
307,2.5,165,315,285,0
310,3.0,165,315,282,0
314,3.5,165,315,279,0
318,4.0,165,315,276,0
322,4.5,165,315,273,0
327,5.0,165,315,270,0
333,5.5,165,315,267,0
339,6.0,165,315,264,0
345,6.5,165,315,261,0
352,7.0,165,315,258,0
360,7.5,165,315,255,0
368,8.0,165,315,252,0
376,8.5,165,315,249,0
385,9.0,165,315,246,0
395,-10,165,315,243,0
385,-9.5,165,315,240,0
376,-9.0,165,315,237,0
368,-8.5,165,315,234,0
360,-8.0,165,315,231,0
352,-7.5,165,315,228,0
345,-7.0,165,315,225,0
339,-6.5,165,315,222,0
333,-6.0,165,315,219,0
327,-5.5,165,315,216,0
322,-5.0,165,315,213,0
318,-4.5,165,315,210,0
314,-4.0,165,315,207,0
310,-3.5,165,315,204,0
307,-3.0,165,315,201,0
305,-2.5,165,315,198,1
295,-9.5,165,315,195,0
286,-9.0,165,315,192,0
278,-8.5,165,315,189,0
270,-8.0,165,315,186,0
262,-7.5,165,315,183,0
255,-7.0,165,315,180,0
249,-6.5,165,315,177,0
243,-6.0,165,315,174,0
237,-5.5,165,315,171,0
232,-5.0,165,315,168,0
228,-4.5,165,315,165,0
224,-4.0,165,315,162,0
220,-3.5,165,315,159,0
217,-3.0,165,315,156,0
215,-2.5,165,315,153,0
213,-2.0,165,315,150,0
211,-1.5,165,315,147,0
210,-1.0,165,315,144,0
210,-0.5,165,315,141,0
210,0.0,165,315,138,0
210,0.5,165,315,135,0
211,1.0,165,315,132,0
213,1.5,165,315,129,0
215,2.0,165,315,126,0
217,2.5,165,315,123,0
220,3.0,165,315,120,0
224,3.5,165,315,117,0
228,4.0,165,315,114,0
232,4.5,165,315,111,0
237,5.0,165,315,108,0
243,5.5,165,315,105,1
233,-9.5,165,315,102,0
224,-9.0,165,315,99,0
216,-8.5,165,315,96,0
208,-8.0,165,315,93,0
200,-7.5,165,315,90,0
193,-7.0,165,315,87,0
187,-6.5,165,315,84,0
181,-6.0,165,315,81,0
175,-5.5,165,315,78,0
170,-5.0,165,315,75,0
166,-4.5,165,315,72,0
162,-4.0,165,315,69,0
158,-3.5,165,315,66,0
155,-3.0,165,315,63,0
153,-2.5,165,315,60,0
151,-2.0,165,315,57,0
149,-1.5,165,315,54,0
148,-1.0,165,315,51,0
148,-0.5,165,315,48,0
148,0.0,165,315,45,0
148,0.5,165,315,42,0
149,1.0,165,315,39,0
151,1.5,165,315,36,0
300,0,307,457,300,0
300,0.5,307,457,297,0
301,1.0,307,457,294,0
303,1.5,307,457,291,0
305,2.0,307,457,288,0
307,2.5,307,457,285,0
310,3.0,307,457,282,0
314,3.5,307,457,279,0
318,4.0,307,457,276,0
322,4.5,307,457,273,0
327,5.0,307,457,270,0
333,5.5,307,457,267,0
339,6.0,307,457,264,0
345,6.5,307,457,261,0
352,7.0,307,457,258,0
360,7.5,307,457,255,0
368,8.0,307,457,252,0
376,8.5,307,457,249,0
385,9.0,307,457,246,0
395,9.5,307,457,243,0
405,10.0,307,457,240,0
415,10.5,307,457,237,0
426,11.0,307,457,234,0
438,11.5,307,457,231,0
450,12.0,307,457,228,0
462,12.5,307,457,225,0
475,13.0,307,457,222,0
489,13.5,307,457,219,0
503,14.0,307,457,216,0
517,14.5,307,457,213,0
532,15.0,307,457,210,0
548,15.5,307,457,207,0
564,16.0,307,457,204,0
300,0,272,422,300,0
300,0.5,272,422,297,0
301,1.0,272,422,294,0
303,1.5,272,422,291,0
305,2.0,272,422,288,0
307,2.5,272,422,285,0
310,3.0,272,422,282,0
314,3.5,272,422,279,0
318,4.0,272,422,276,0
322,4.5,272,422,273,0
327,5.0,272,422,270,0
333,5.5,272,422,267,0
339,6.0,272,422,264,0
345,6.5,272,422,261,0
352,7.0,272,422,258,0
360,7.5,272,422,255,0
368,8.0,272,422,252,0
376,8.5,272,422,249,0
385,9.0,272,422,246,0
395,9.5,272,422,243,0
405,10.0,272,422,240,0
415,10.5,272,422,237,0
426,11.0,272,422,234,0
438,11.5,272,422,231,0
450,12.0,272,422,228,0
462,12.5,272,422,225,0
475,13.0,272,422,222,0
489,13.5,272,422,219,0
503,14.0,272,422,216,0
517,14.5,272,422,213,0
532,15.0,272,422,210,0
548,15.5,272,422,207,0
564,16.0,272,422,204,0
300,0,107,257,300,0
300,0.5,107,257,297,0
301,1.0,107,257,294,0
303,1.5,107,257,291,0
305,2.0,107,257,288,0
307,2.5,107,257,285,0
310,3.0,107,257,282,0
314,3.5,107,257,279,0
318,4.0,107,257,276,0
322,4.5,107,257,273,0
327,5.0,107,257,270,0
333,5.5,107,257,267,0
339,6.0,107,257,264,0
345,6.5,107,257,261,0
352,7.0,107,257,258,0
360,7.5,107,257,255,0
368,8.0,107,257,252,0
376,8.5,107,257,249,0
385,9.0,107,257,246,0
395,9.5,107,257,243,0
405,10.0,107,257,240,0
415,10.5,107,257,237,0
426,11.0,107,257,234,0
438,11.5,107,257,231,0
450,-10,107,257,228,0
440,-9.5,107,257,225,0
431,-9.0,107,257,222,0
423,-8.5,107,257,219,0
415,-8.0,107,257,216,0
407,-7.5,107,257,213,0
400,-7.0,107,257,210,0
394,-6.5,107,257,207,0
388,-6.0,107,257,204,0
382,-5.5,107,257,201,0
377,-5.0,107,257,198,1
368,-9.5,107,257,195,1
358,-9.5,107,257,192,1
349,-9.5,107,257,189,1
339,-9.5,107,257,186,1
330,-9.5,107,257,183,1
320,-9.5,107,257,180,1
311,-9.5,107,257,177,1
301,-9.5,107,257,174,1
292,-9.5,107,257,171,1
282,-9.5,107,257,168,1
273,-9.5,107,257,165,1
263,-9.5,107,257,162,1
254,-9.5,107,257,159,1
244,-9.5,107,257,156,0
235,-9.0,107,257,153,0
227,-8.5,107,257,150,0
219,-8.0,107,257,147,0
211,-7.5,107,257,144,0
204,-7.0,107,257,141,0
198,-6.5,107,257,138,0
192,-6.0,107,257,135,0
186,-5.5,107,257,132,0
181,-5.0,107,257,129,0
177,-4.5,107,257,126,0
173,-4.0,107,257,123,0
169,-3.5,107,257,120,0
166,-3.0,107,257,117,0
164,-2.5,107,257,114,0
162,-2.0,107,257,111,0
160,-1.5,107,257,108,0
159,-1.0,107,257,105,0
159,-0.5,107,257,102,0
159,0.0,107,257,99,0
159,0.5,107,257,96,0
160,1.0,107,257,93,0
162,1.5,107,257,90,0
164,2.0,107,257,87,0
166,2.5,107,257,84,0
169,3.0,107,257,81,0
173,3.5,107,257,78,0
177,4.0,107,257,75,0
181,4.5,107,257,72,0
186,5.0,107,257,69,0
192,5.5,107,257,66,1
182,-9.5,107,257,63,0
173,-9.0,107,257,60,0
165,-8.5,107,257,57,0
157,-8.0,107,257,54,0
149,-7.5,107,257,51,0
142,-7.0,107,257,48,0
136,-6.5,107,257,45,0
130,-6.0,107,257,42,0
124,-5.5,107,257,39,0
119,-5.0,107,257,36,0
115,-4.5,107,257,33,0
111,-4.0,107,257,30,0
107,-3.5,107,257,27,0
300,0,206,356,300,0
300,0.5,206,356,297,0
301,1.0,206,356,294,0
303,1.5,206,356,291,0
305,2.0,206,356,288,0
307,2.5,206,356,285,0
310,3.0,206,356,282,0
314,3.5,206,356,279,0
318,4.0,206,356,276,0
322,4.5,206,356,273,0
327,5.0,206,356,270,0
333,5.5,206,356,267,0
339,6.0,206,356,264,0
345,6.5,206,356,261,0
352,7.0,206,356,258,0
360,7.5,206,356,255,0
368,8.0,206,356,252,0
376,8.5,206,356,249,0
385,9.0,206,356,246,0
395,9.5,206,356,243,0
405,10.0,206,356,240,0
415,10.5,206,356,237,0
426,11.0,206,356,234,0
438,-10,206,356,231,0
428,-9.5,206,356,228,0
419,-9.0,206,356,225,0
411,-8.5,206,356,222,0
403,-8.0,206,356,219,0
395,-7.5,206,356,216,0
388,-7.0,206,356,213,0
382,-6.5,206,356,210,0
376,-6.0,206,356,207,0
370,-5.5,206,356,204,0
365,-5.0,206,356,201,0
361,-4.5,206,356,198,1
351,-9.5,206,356,195,1
342,-9.5,206,356,192,0
333,-9.0,206,356,189,0
324,-8.5,206,356,186,0
316,-8.0,206,356,183,0
309,-7.5,206,356,180,0
302,-7.0,206,356,177,0
295,-6.5,206,356,174,0
289,-6.0,206,356,171,0
284,-5.5,206,356,168,0
279,-5.0,206,356,165,0
274,-4.5,206,356,162,0
270,-4.0,206,356,159,0
267,-3.5,206,356,156,0
264,-3.0,206,356,153,0
261,-2.5,206,356,150,0
259,-2.0,206,356,147,0
258,-1.5,206,356,144,0
257,-1.0,206,356,141,0
256,-0.5,206,356,138,0
256,0.0,206,356,135,0
257,0.5,206,356,132,0
258,1.0,206,356,129,0
259,1.5,206,356,126,0
261,2.0,206,356,123,0
264,2.5,206,356,120,0
267,3.0,206,356,117,0
270,3.5,206,356,114,0
274,4.0,206,356,111,0
279,4.5,206,356,108,0
284,5.0,206,356,105,0
289,5.5,206,356,102,1
280,-9.5,206,356,99,0
271,-9.0,206,356,96,0
262,-8.5,206,356,93,0
254,-8.0,206,356,90,0
247,-7.5,206,356,87,0
240,-7.0,206,356,84,0
233,-6.5,206,356,81,0
227,-6.0,206,356,78,0
222,-5.5,206,356,75,0
217,-5.0,206,356,72,0
212,-4.5,206,356,69,0
208,-4.0,206,356,66,0
205,-3.5,206,356,63,0
202,-3.0,206,356,60,0
199,-2.5,206,356,57,0
197,-2.0,206,356,54,0
196,-1.5,206,356,51,0
195,-1.0,206,356,48,0
194,-0.5,206,356,45,0
194,0.0,206,356,42,0
195,0.5,206,356,39,0
196,1.0,206,356,36,0
300,0,174,324,300,0
300,0.5,174,324,297,0
301,1.0,174,324,294,0
303,1.5,174,324,291,0
305,2.0,174,324,288,0
307,2.5,174,324,285,0
310,3.0,174,324,282,0
314,3.5,174,324,279,0
318,4.0,174,324,276,0
322,4.5,174,324,273,0
327,5.0,174,324,270,0
333,5.5,174,324,267,0
339,6.0,174,324,264,0
345,6.5,174,324,261,0
352,7.0,174,324,258,0
360,7.5,174,324,255,0
368,8.0,174,324,252,0
376,8.5,174,324,249,0
385,9.0,174,324,246,0
395,9.5,174,324,243,0
405,10.0,174,324,240,0
415,10.5,174,324,237,0
426,11.0,174,324,234,0
438,11.5,174,324,231,0
450,12.0,174,324,228,0
462,12.5,174,324,225,0
475,13.0,174,324,222,0
489,13.5,174,324,219,0
503,14.0,174,324,216,0
517,14.5,174,324,213,0
532,15.0,174,324,210,0
548,15.5,174,324,207,0
564,16.0,174,324,204,0
300,0,340,490,300,0
300,0.5,340,490,297,0
301,1.0,340,490,294,0
303,1.5,340,490,291,0
305,2.0,340,490,288,0
307,2.5,340,490,285,0
310,3.0,340,490,282,0
314,3.5,340,490,279,0
318,4.0,340,490,276,0
322,4.5,340,490,273,0
327,5.0,340,490,270,0
333,5.5,340,490,267,0
339,6.0,340,490,264,0
345,6.5,340,490,261,0
352,7.0,340,490,258,0
360,7.5,340,490,255,0
368,8.0,340,490,252,0
376,8.5,340,490,249,0
385,9.0,340,490,246,0
395,9.5,340,490,243,0
405,10.0,340,490,240,0
415,-10,340,490,237,0
406,-9.5,340,490,234,0
397,-9.0,340,490,231,0
388,-8.5,340,490,228,0
380,-8.0,340,490,225,0
373,-7.5,340,490,222,0
366,-7.0,340,490,219,0
359,-6.5,340,490,216,0
353,-6.0,340,490,213,0
348,-5.5,340,490,210,0
343,-5.0,340,490,207,0
338,-4.5,340,490,204,0
334,-4.0,340,490,201,0
331,-3.5,340,490,198,0
328,-3.0,340,490,195,0
325,-2.5,340,490,192,0
323,-2.0,340,490,189,0
322,-1.5,340,490,186,0
321,-1.0,340,490,183,0
320,-0.5,340,490,180,0
320,0.0,340,490,177,0
321,0.5,340,490,174,0
322,1.0,340,490,171,0
323,1.5,340,490,168,0
325,2.0,340,490,165,0
328,2.5,340,490,162,0
331,3.0,340,490,159,0
334,3.5,340,490,156,0
338,4.0,340,490,153,0
343,4.5,340,490,150,0
348,5.0,340,490,147,0
353,5.5,340,490,144,1
344,-9.5,340,490,141,0
335,-9.0,340,490,138,0
326,-8.5,340,490,135,0
318,-8.0,340,490,132,0
311,-7.5,340,490,129,0
304,-7.0,340,490,126,0
297,-6.5,340,490,123,0
291,-6.0,340,490,120,0
286,-5.5,340,490,117,0
281,-5.0,340,490,114,0
276,-4.5,340,490,111,0
272,-4.0,340,490,108,0
269,-3.5,340,490,105,0
266,-3.0,340,490,102,0
263,-2.5,340,490,99,0
261,-2.0,340,490,96,0
260,-1.5,340,490,93,0
259,-1.0,340,490,90,0
258,-0.5,340,490,87,0
258,0.0,340,490,84,0
259,0.5,340,490,81,0
260,1.0,340,490,78,0
261,1.5,340,490,75,0
263,2.0,340,490,72,0
266,2.5,340,490,69,0
269,3.0,340,490,66,0
272,3.5,340,490,63,0
276,4.0,340,490,60,0
281,4.5,340,490,57,0
286,5.0,340,490,54,0
291,5.5,340,490,51,1
282,-9.5,340,490,48,0
273,-9.0,340,490,45,0
264,-8.5,340,490,42,0
256,-8.0,340,490,39,0
249,-7.5,340,490,36,0
300,0,268,418,300,0
300,0.5,268,418,297,0
301,1.0,268,418,294,0
303,1.5,268,418,291,0
305,2.0,268,418,288,0
307,2.5,268,418,285,0
310,3.0,268,418,282,0
314,3.5,268,418,279,0
318,4.0,268,418,276,0
322,4.5,268,418,273,0
327,5.0,268,418,270,0
333,5.5,268,418,267,0
339,6.0,268,418,264,0
345,6.5,268,418,261,0
352,7.0,268,418,258,0
360,7.5,268,418,255,0
368,8.0,268,418,252,0
376,8.5,268,418,249,0
385,9.0,268,418,246,0
395,9.5,268,418,243,0
405,10.0,268,418,240,0
415,10.5,268,418,237,0
426,11.0,268,418,234,0
438,11.5,268,418,231,0
450,-10,268,418,228,0
440,-9.5,268,418,225,0
431,-9.0,268,418,222,0
423,-8.5,268,418,219,0
415,-8.0,268,418,216,0
407,-7.5,268,418,213,0
400,-7.0,268,418,210,0
394,-6.5,268,418,207,0
388,-6.0,268,418,204,0
382,-5.5,268,418,201,0
377,-5.0,268,418,198,0
373,-4.5,268,418,195,0
369,-4.0,268,418,192,0
365,-3.5,268,418,189,0
362,-3.0,268,418,186,0
360,-2.5,268,418,183,0
358,-2.0,268,418,180,0
356,-1.5,268,418,177,1
347,-9.5,268,418,174,1
337,-9.5,268,418,171,1
328,-9.5,268,418,168,0
319,-9.0,268,418,165,0
310,-8.5,268,418,162,0
302,-8.0,268,418,159,0
295,-7.5,268,418,156,0
288,-7.0,268,418,153,0
281,-6.5,268,418,150,0
275,-6.0,268,418,147,0
270,-5.5,268,418,144,0
265,-5.0,268,418,141,0
260,-4.5,268,418,138,0
256,-4.0,268,418,135,0
253,-3.5,268,418,132,0
250,-3.0,268,418,129,0
247,-2.5,268,418,126,0
245,-2.0,268,418,123,0
244,-1.5,268,418,120,0
243,-1.0,268,418,117,0
242,-0.5,268,418,114,0
242,0.0,268,418,111,0
243,0.5,268,418,108,0
244,1.0,268,418,105,0
245,1.5,268,418,102,0
247,2.0,268,418,99,0
250,2.5,268,418,96,0
253,3.0,268,418,93,0
256,3.5,268,418,90,0
260,4.0,268,418,87,0
265,4.5,268,418,84,0
270,5.0,268,418,81,0
275,5.5,268,418,78,0
281,6.0,268,418,75,0
288,6.5,268,418,72,0
295,7.0,268,418,69,0
302,7.5,268,418,66,0
310,8.0,268,418,63,0
319,8.5,268,418,60,0
328,9.0,268,418,57,0
337,9.5,268,418,54,0
347,10.0,268,418,51,1
338,-9.5,268,418,48,1
328,-9.5,268,418,45,0
319,-9.0,268,418,42,0
311,-8.5,268,418,39,0
303,-8.0,268,418,36,0
295,-7.5,268,418,33,0
288,-7.0,268,418,30,0
282,-6.5,268,418,27,0
276,-6.0,268,418,24,0
270,-5.5,268,418,21,0
300,0,326,476,300,0
300,0.5,326,476,297,0
301,1.0,326,476,294,0
303,1.5,326,476,291,0
305,2.0,326,476,288,0
307,2.5,326,476,285,0
310,3.0,326,476,282,0
314,3.5,326,476,279,0
318,4.0,326,476,276,0
322,4.5,326,476,273,0
327,5.0,326,476,270,0
333,5.5,326,476,267,0
339,6.0,326,476,264,0
345,6.5,326,476,261,0
352,7.0,326,476,258,0
360,7.5,326,476,255,0
368,8.0,326,476,252,0
376,8.5,326,476,249,0
385,9.0,326,476,246,0
395,9.5,326,476,243,0
405,10.0,326,476,240,0
415,10.5,326,476,237,0
426,11.0,326,476,234,0
438,11.5,326,476,231,0
450,12.0,326,476,228,0
462,12.5,326,476,225,0
475,13.0,326,476,222,0
489,13.5,326,476,219,0
503,14.0,326,476,216,0
517,14.5,326,476,213,0
532,15.0,326,476,210,0
548,15.5,326,476,207,0
564,16.0,326,476,204,0
300,0,275,425,300,0
300,0.5,275,425,297,0
301,1.0,275,425,294,0
303,1.5,275,425,291,0
305,2.0,275,425,288,0
307,2.5,275,425,285,0
310,3.0,275,425,282,0
314,3.5,275,425,279,0
318,4.0,275,425,276,0
322,4.5,275,425,273,0
327,5.0,275,425,270,0
333,5.5,275,425,267,0
339,6.0,275,425,264,0
345,6.5,275,425,261,0
352,7.0,275,425,258,0
360,7.5,275,425,255,0
368,8.0,275,425,252,0
376,8.5,275,425,249,0
385,9.0,275,425,246,0
395,9.5,275,425,243,0
405,10.0,275,425,240,0
415,-10,275,425,237,0
406,-9.5,275,425,234,0
397,-9.0,275,425,231,0
388,-8.5,275,425,228,0
380,-8.0,275,425,225,0
373,-7.5,275,425,222,0
366,-7.0,275,425,219,0
359,-6.5,275,425,216,0
353,-6.0,275,425,213,0
348,-5.5,275,425,210,0
343,-5.0,275,425,207,0
338,-4.5,275,425,204,0
334,-4.0,275,425,201,0
331,-3.5,275,425,198,0
328,-3.0,275,425,195,0
325,-2.5,275,425,192,0
323,-2.0,275,425,189,0
322,-1.5,275,425,186,0
321,-1.0,275,425,183,0
320,-0.5,275,425,180,0
320,0.0,275,425,177,0
321,0.5,275,425,174,0
322,1.0,275,425,171,0
323,1.5,275,425,168,0
325,2.0,275,425,165,0
328,2.5,275,425,162,0
331,3.0,275,425,159,0
334,3.5,275,425,156,0
338,4.0,275,425,153,0
343,4.5,275,425,150,0
348,5.0,275,425,147,0
353,5.5,275,425,144,1
344,-9.5,275,425,141,0
335,-9.0,275,425,138,0
326,-8.5,275,425,135,0
318,-8.0,275,425,132,0
311,-7.5,275,425,129,0
304,-7.0,275,425,126,0
297,-6.5,275,425,123,0
291,-6.0,275,425,120,0
286,-5.5,275,425,117,0
281,-5.0,275,425,114,0
276,-4.5,275,425,111,0
272,-4.0,275,425,108,0
269,-3.5,275,425,105,0
266,-3.0,275,425,102,0
263,-2.5,275,425,99,0
261,-2.0,275,425,96,0
260,-1.5,275,425,93,0
259,-1.0,275,425,90,0
258,-0.5,275,425,87,0
258,0.0,275,425,84,0
259,0.5,275,425,81,0
260,1.0,275,425,78,0
261,1.5,275,425,75,0
263,2.0,275,425,72,0
266,2.5,275,425,69,0
269,3.0,275,425,66,0
272,3.5,275,425,63,0
276,4.0,275,425,60,0
281,4.5,275,425,57,0
286,5.0,275,425,54,0
291,5.5,275,425,51,0
297,6.0,275,425,48,0
304,6.5,275,425,45,0
311,7.0,275,425,42,0
318,7.5,275,425,39,0
326,8.0,275,425,36,0
335,8.5,275,425,33,0
344,9.0,275,425,30,0
353,9.5,275,425,27,1
344,-9.5,275,425,24,0
335,-9.0,275,425,21,0
326,-8.5,275,425,18,0
318,-8.0,275,425,15,0
311,-7.5,275,425,12,0
304,-7.0,275,425,9,0
297,-6.5,275,425,6,0
291,-6.0,275,425,3,0
286,-5.5,275,425,0,0
281,-5.0,275,425,-3,0
276,-4.5,275,425,-6,0
300,0,183,333,300,0
300,0.5,183,333,297,0
301,1.0,183,333,294,0
303,1.5,183,333,291,0
305,2.0,183,333,288,0
307,2.5,183,333,285,0
310,3.0,183,333,282,0
314,3.5,183,333,279,0
318,4.0,183,333,276,0
322,4.5,183,333,273,0
327,5.0,183,333,270,0
333,5.5,183,333,267,0
339,6.0,183,333,264,0
345,6.5,183,333,261,0
352,7.0,183,333,258,0
360,7.5,183,333,255,0
368,8.0,183,333,252,0
376,8.5,183,333,249,0
385,9.0,183,333,246,0
395,9.5,183,333,243,0
405,10.0,183,333,240,0
415,10.5,183,333,237,0
426,11.0,183,333,234,0
438,11.5,183,333,231,0
450,12.0,183,333,228,0
462,12.5,183,333,225,0
475,13.0,183,333,222,0
489,13.5,183,333,219,0
503,14.0,183,333,216,0
517,14.5,183,333,213,0
532,15.0,183,333,210,0
548,15.5,183,333,207,0
564,16.0,183,333,204,0
300,0,104,254,300,0
300,0.5,104,254,297,0
301,1.0,104,254,294,0
303,1.5,104,254,291,0
305,2.0,104,254,288,0
307,2.5,104,254,285,0
310,3.0,104,254,282,0
314,3.5,104,254,279,0
318,4.0,104,254,276,0
322,4.5,104,254,273,0
327,5.0,104,254,270,0
333,5.5,104,254,267,0
339,6.0,104,254,264,0
345,6.5,104,254,261,0
352,7.0,104,254,258,0
360,7.5,104,254,255,0
368,8.0,104,254,252,0
376,8.5,104,254,249,0
385,9.0,104,254,246,0
395,9.5,104,254,243,0
405,10.0,104,254,240,0
415,-10,104,254,237,0
406,-9.5,104,254,234,0
397,-9.0,104,254,231,0
388,-8.5,104,254,228,0
380,-8.0,104,254,225,0
373,-7.5,104,254,222,0
366,-7.0,104,254,219,0
359,-6.5,104,254,216,0
353,-6.0,104,254,213,0
348,-5.5,104,254,210,0
343,-5.0,104,254,207,0
338,-4.5,104,254,204,0
334,-4.0,104,254,201,0
331,-3.5,104,254,198,1
321,-9.5,104,254,195,1
312,-9.5,104,254,192,1
302,-9.5,104,254,189,1
293,-9.5,104,254,186,1
283,-9.5,104,254,183,1
274,-9.5,104,254,180,1
264,-9.5,104,254,177,1
255,-9.5,104,254,174,1
245,-9.5,104,254,171,1
236,-9.5,104,254,168,0
227,-9.0,104,254,165,0
218,-8.5,104,254,162,0
210,-8.0,104,254,159,0
203,-7.5,104,254,156,0
196,-7.0,104,254,153,0
189,-6.5,104,254,150,0
183,-6.0,104,254,147,0
178,-5.5,104,254,144,0
173,-5.0,104,254,141,0
168,-4.5,104,254,138,0
164,-4.0,104,254,135,0
161,-3.5,104,254,132,0
158,-3.0,104,254,129,0
155,-2.5,104,254,126,0
153,-2.0,104,254,123,0
152,-1.5,104,254,120,0
151,-1.0,104,254,117,0
150,-0.5,104,254,114,0
150,0.0,104,254,111,0
151,0.5,104,254,108,0
152,1.0,104,254,105,0
153,1.5,104,254,102,0
155,2.0,104,254,99,0
158,2.5,104,254,96,0
161,3.0,104,254,93,0
164,3.5,104,254,90,0
168,4.0,104,254,87,0
173,4.5,104,254,84,0
178,5.0,104,254,81,0
183,5.5,104,254,78,1
174,-9.5,104,254,75,0
165,-9.0,104,254,72,0
156,-8.5,104,254,69,0
148,-8.0,104,254,66,0
141,-7.5,104,254,63,0
134,-7.0,104,254,60,0
127,-6.5,104,254,57,0
121,-6.0,104,254,54,0
116,-5.5,104,254,51,0
111,-5.0,104,254,48,0
106,-4.5,104,254,45,0
102,-4.0,104,254,42,0
99,-3.5,104,254,39,0
96,-3.0,104,254,36,0
300,0,139,289,300,0
300,0.5,139,289,297,0
301,1.0,139,289,294,0
303,1.5,139,289,291,0
305,2.0,139,289,288,0
307,2.5,139,289,285,0
310,3.0,139,289,282,0
314,3.5,139,289,279,0
318,4.0,139,289,276,0
322,4.5,139,289,273,0
327,5.0,139,289,270,0
333,5.5,139,289,267,0
339,6.0,139,289,264,0
345,6.5,139,289,261,0
352,7.0,139,289,258,0
360,7.5,139,289,255,0
368,8.0,139,289,252,0
376,8.5,139,289,249,0
385,9.0,139,289,246,0
395,9.5,139,289,243,0
405,10.0,139,289,240,0
415,10.5,139,289,237,0
426,11.0,139,289,234,0
438,11.5,139,289,231,0
450,12.0,139,289,228,0
462,12.5,139,289,225,0
475,13.0,139,289,222,0
489,13.5,139,289,219,0
503,-10,139,289,216,0
493,-9.5,139,289,213,0
484,-9.0,139,289,210,0
476,-8.5,139,289,207,0
468,-8.0,139,289,204,0
460,-7.5,139,289,201,0
453,-7.0,139,289,198,0
447,-6.5,139,289,195,0
441,-6.0,139,289,192,0
435,-5.5,139,289,189,0
430,-5.0,139,289,186,0
426,-4.5,139,289,183,0
422,-4.0,139,289,180,0
418,-3.5,139,289,177,1
409,-9.5,139,289,174,1
399,-9.5,139,289,171,1
390,-9.5,139,289,168,1
380,-9.5,139,289,165,1
371,-9.5,139,289,162,1
361,-9.5,139,289,159,1
352,-9.5,139,289,156,1
342,-9.5,139,289,153,1
333,-9.5,139,289,150,1
323,-9.5,139,289,147,1
314,-9.5,139,289,144,1
304,-9.5,139,289,141,1
295,-9.5,139,289,138,1
285,-9.5,139,289,135,1
276,-9.5,139,289,132,1
266,-9.5,139,289,129,1
257,-9.5,139,289,126,1
247,-9.5,139,289,123,1
238,-9.5,139,289,120,1
228,-9.5,139,289,117,1
219,-9.5,139,289,114,1
209,-9.5,139,289,111,1
200,-9.5,139,289,108,0
191,-9.0,139,289,105,0
182,-8.5,139,289,102,0
174,-8.0,139,289,99,0
167,-7.5,139,289,96,0
160,-7.0,139,289,93,0
153,-6.5,139,289,90,0
147,-6.0,139,289,87,0
142,-5.5,139,289,84,0
137,-5.0,139,289,81,0
132,-4.5,139,289,78,0
128,-4.0,139,289,75,0
125,-3.5,139,289,72,0
122,-3.0,139,289,69,0
119,-2.5,139,289,66,0
117,-2.0,139,289,63,0
116,-1.5,139,289,60,0
115,-1.0,139,289,57,0
114,-0.5,139,289,54,0
114,0.0,139,289,51,0
115,0.5,139,289,48,0
116,1.0,139,289,45,0
117,1.5,139,289,42,0
119,2.0,139,289,39,0
122,2.5,139,289,36,0
300,0,215,365,300,0
300,0.5,215,365,297,0
301,1.0,215,365,294,0
303,1.5,215,365,291,0
305,2.0,215,365,288,0
307,2.5,215,365,285,0
310,3.0,215,365,282,0
314,3.5,215,365,279,0
318,4.0,215,365,276,0
322,4.5,215,365,273,0
327,5.0,215,365,270,0
333,5.5,215,365,267,0
339,6.0,215,365,264,0
345,6.5,215,365,261,0
352,7.0,215,365,258,0
360,7.5,215,365,255,0
368,8.0,215,365,252,0
376,8.5,215,365,249,0
385,9.0,215,365,246,0
395,9.5,215,365,243,0
405,10.0,215,365,240,0
415,10.5,215,365,237,0
426,11.0,215,365,234,0
438,11.5,215,365,231,0
450,12.0,215,365,228,0
462,12.5,215,365,225,0
475,13.0,215,365,222,0
489,13.5,215,365,219,0
503,14.0,215,365,216,0
517,14.5,215,365,213,0
532,15.0,215,365,210,0
548,15.5,215,365,207,0
564,16.0,215,365,204,0
300,0,259,409,300,0
300,0.5,259,409,297,0
301,1.0,259,409,294,0
303,1.5,259,409,291,0
305,2.0,259,409,288,0
307,2.5,259,409,285,0
310,3.0,259,409,282,0
314,3.5,259,409,279,0
318,4.0,259,409,276,0
322,4.5,259,409,273,0
327,5.0,259,409,270,0
333,5.5,259,409,267,0
339,6.0,259,409,264,0
345,6.5,259,409,261,0
352,7.0,259,409,258,0
360,7.5,259,409,255,0
368,8.0,259,409,252,0
376,8.5,259,409,249,0
385,9.0,259,409,246,0
395,9.5,259,409,243,0
405,10.0,259,409,240,0
415,10.5,259,409,237,0
426,11.0,259,409,234,0
438,11.5,259,409,231,0
450,12.0,259,409,228,0
462,12.5,259,409,225,0
475,13.0,259,409,222,0
489,13.5,259,409,219,0
503,14.0,259,409,216,0
517,14.5,259,409,213,0
532,15.0,259,409,210,0
548,15.5,259,409,207,0
564,16.0,259,409,204,0
300,0,158,308,300,0
300,0.5,158,308,297,0
301,1.0,158,308,294,0
303,1.5,158,308,291,0
305,2.0,158,308,288,0
307,2.5,158,308,285,0
310,3.0,158,308,282,0
314,3.5,158,308,279,0
318,4.0,158,308,276,0
322,4.5,158,308,273,0
327,5.0,158,308,270,0
333,5.5,158,308,267,0
339,6.0,158,308,264,0
345,6.5,158,308,261,0
352,7.0,158,308,258,0
360,7.5,158,308,255,0
368,8.0,158,308,252,0
376,8.5,158,308,249,0
385,-10,158,308,246,0
376,-9.5,158,308,243,0
367,-9.0,158,308,240,0
358,-8.5,158,308,237,0
350,-8.0,158,308,234,0
343,-7.5,158,308,231,0
336,-7.0,158,308,228,0
329,-6.5,158,308,225,0
323,-6.0,158,308,222,0
318,-5.5,158,308,219,0
313,-5.0,158,308,216,0
308,-4.5,158,308,213,0
304,-4.0,158,308,210,0
301,-3.5,158,308,207,0
298,-3.0,158,308,204,0
295,-2.5,158,308,201,0
293,-2.0,158,308,198,0
292,-1.5,158,308,195,0
291,-1.0,158,308,192,0
290,-0.5,158,308,189,0
290,0.0,158,308,186,0
291,0.5,158,308,183,0
292,1.0,158,308,180,0
293,1.5,158,308,177,1
284,-9.5,158,308,174,1
274,-9.5,158,308,171,1
265,-9.5,158,308,168,1
255,-9.5,158,308,165,1
246,-9.5,158,308,162,1
236,-9.5,158,308,159,1
227,-9.5,158,308,156,0
218,-9.0,158,308,153,0
209,-8.5,158,308,150,0
201,-8.0,158,308,147,0
194,-7.5,158,308,144,0
187,-7.0,158,308,141,0
180,-6.5,158,308,138,0
174,-6.0,158,308,135,0
169,-5.5,158,308,132,0
164,-5.0,158,308,129,0
159,-4.5,158,308,126,0
155,-4.0,158,308,123,0
152,-3.5,158,308,120,0
149,-3.0,158,308,117,0
146,-2.5,158,308,114,0
144,-2.0,158,308,111,0
143,-1.5,158,308,108,0
142,-1.0,158,308,105,0
141,-0.5,158,308,102,0
141,0.0,158,308,99,0
142,0.5,158,308,96,0
143,1.0,158,308,93,0
144,1.5,158,308,90,0
146,2.0,158,308,87,0
149,2.5,158,308,84,0
152,3.0,158,308,81,0
155,3.5,158,308,78,0
159,4.0,158,308,75,0
164,4.5,158,308,72,0
169,5.0,158,308,69,0
174,5.5,158,308,66,0
180,6.0,158,308,63,0
187,6.5,158,308,60,0
194,7.0,158,308,57,0
201,7.5,158,308,54,0
209,8.0,158,308,51,0
218,8.5,158,308,48,0
227,9.0,158,308,45,0
236,9.5,158,308,42,1
227,-9.5,158,308,39,0
218,-9.0,158,308,36,0
209,-8.5,158,308,33,0
201,-8.0,158,308,30,0
194,-7.5,158,308,27,0
187,-7.0,158,308,24,0
180,-6.5,158,308,21,0
174,-6.0,158,308,18,0
169,-5.5,158,308,15,0
164,-5.0,158,308,12,0
159,-4.5,158,308,9,0
300,0,303,453,300,0
300,0.5,303,453,297,0
301,1.0,303,453,294,0
303,1.5,303,453,291,0
305,2.0,303,453,288,0
307,2.5,303,453,285,0
310,3.0,303,453,282,0
314,3.5,303,453,279,0
318,4.0,303,453,276,0
322,4.5,303,453,273,0
327,5.0,303,453,270,0
333,5.5,303,453,267,0
339,6.0,303,453,264,0
345,6.5,303,453,261,0
352,7.0,303,453,258,0
360,7.5,303,453,255,0
368,8.0,303,453,252,0
376,8.5,303,453,249,0
385,9.0,303,453,246,0
395,-10,303,453,243,0
385,-9.5,303,453,240,0
376,-9.0,303,453,237,0
368,-8.5,303,453,234,0
360,-8.0,303,453,231,0
352,-7.5,303,453,228,0
345,-7.0,303,453,225,0
339,-6.5,303,453,222,0
333,-6.0,303,453,219,0
327,-5.5,303,453,216,0
322,-5.0,303,453,213,0
318,-4.5,303,453,210,0
314,-4.0,303,453,207,0
310,-3.5,303,453,204,0
307,-3.0,303,453,201,0
305,-2.5,303,453,198,0
303,-2.0,303,453,195,0
301,-1.5,303,453,192,0
300,-1.0,303,453,189,0
300,-0.5,303,453,186,0
300,0.0,303,453,183,0
300,0.5,303,453,180,0
301,1.0,303,453,177,0
303,1.5,303,453,174,0
305,2.0,303,453,171,0
307,2.5,303,453,168,0
310,3.0,303,453,165,0
314,3.5,303,453,162,0
318,4.0,303,453,159,0
322,4.5,303,453,156,0
327,5.0,303,453,153,0
333,5.5,303,453,150,0
339,6.0,303,453,147,0
345,6.5,303,453,144,0
352,7.0,303,453,141,0
360,7.5,303,453,138,0
368,8.0,303,453,135,0
376,8.5,303,453,132,0
385,9.0,303,453,129,1
376,-9.5,303,453,126,1
366,-9.5,303,453,123,0
357,-9.0,303,453,120,0
349,-8.5,303,453,117,0
341,-8.0,303,453,114,0
333,-7.5,303,453,111,0
326,-7.0,303,453,108,0
320,-6.5,303,453,105,0
314,-6.0,303,453,102,0
308,-5.5,303,453,99,0
303,-5.0,303,453,96,0
299,-4.5,303,453,93,0
295,-4.0,303,453,90,0
291,-3.5,303,453,87,0
288,-3.0,303,453,84,0
286,-2.5,303,453,81,0
284,-2.0,303,453,78,0
282,-1.5,303,453,75,0
281,-1.0,303,453,72,0
281,-0.5,303,453,69,0
281,0.0,303,453,66,0
281,0.5,303,453,63,0
282,1.0,303,453,60,0
284,1.5,303,453,57,0
286,2.0,303,453,54,0
288,2.5,303,453,51,0
291,3.0,303,453,48,0
295,3.5,303,453,45,0
299,4.0,303,453,42,0
303,4.5,303,453,39,0
308,5.0,303,453,36,0
314,5.5,303,453,33,0
320,6.0,303,453,30,0
326,6.5,303,453,27,0
333,7.0,303,453,24,0
341,7.5,303,453,21,0
349,8.0,303,453,18,0
357,8.5,303,453,15,0
366,9.0,303,453,12,0
376,9.5,303,453,9,0
386,10.0,303,453,6,1
376,-9.5,303,453,3,1
367,-9.5,303,453,0,0
358,-9.0,303,453,-3,0
349,-8.5,303,453,-6,0
341,-8.0,303,453,-9,0
334,-7.5,303,453,-12,0
327,-7.0,303,453,-15,0
320,-6.5,303,453,-18,0
314,-6.0,303,453,-21,0
309,-5.5,303,453,-24,0
304,-5.0,303,453,-27,0
300,0,297,447,300,0
300,0.5,297,447,297,0
301,1.0,297,447,294,0
303,1.5,297,447,291,0
305,2.0,297,447,288,0
307,2.5,297,447,285,0
310,3.0,297,447,282,0
314,3.5,297,447,279,0
318,4.0,297,447,276,0
322,4.5,297,447,273,0
327,5.0,297,447,270,0
333,5.5,297,447,267,0
339,6.0,297,447,264,0
345,6.5,297,447,261,0
352,7.0,297,447,258,0
360,7.5,297,447,255,0
368,8.0,297,447,252,0
376,8.5,297,447,249,0
385,9.0,297,447,246,0
395,9.5,297,447,243,0
405,10.0,297,447,240,0
415,10.5,297,447,237,0
426,11.0,297,447,234,0
438,11.5,297,447,231,0
450,12.0,297,447,228,0
462,12.5,297,447,225,0
475,13.0,297,447,222,0
489,13.5,297,447,219,0
503,14.0,297,447,216,0
517,14.5,297,447,213,0
532,15.0,297,447,210,0
548,15.5,297,447,207,0
564,16.0,297,447,204,0
300,0,226,376,300,0
300,0.5,226,376,297,0
301,1.0,226,376,294,0
303,1.5,226,376,291,0
305,2.0,226,376,288,0
307,2.5,226,376,285,0
310,3.0,226,376,282,0
314,3.5,226,376,279,0
318,4.0,226,376,276,0
322,4.5,226,376,273,0
327,5.0,226,376,270,0
333,5.5,226,376,267,0
339,6.0,226,376,264,0
345,6.5,226,376,261,0
352,7.0,226,376,258,0
360,7.5,226,376,255,0
368,8.0,226,376,252,0
376,8.5,226,376,249,0
385,9.0,226,376,246,0
395,9.5,226,376,243,0
405,10.0,226,376,240,0
415,10.5,226,376,237,0
426,-10,226,376,234,0
417,-9.5,226,376,231,0
408,-9.0,226,376,228,0
399,-8.5,226,376,225,0
391,-8.0,226,376,222,0
384,-7.5,226,376,219,0
377,-7.0,226,376,216,0
370,-6.5,226,376,213,0
364,-6.0,226,376,210,0
359,-5.5,226,376,207,0
354,-5.0,226,376,204,0
349,-4.5,226,376,201,0
345,-4.0,226,376,198,0
342,-3.5,226,376,195,0
339,-3.0,226,376,192,0
336,-2.5,226,376,189,0
334,-2.0,226,376,186,0
333,-1.5,226,376,183,0
332,-1.0,226,376,180,0
331,-0.5,226,376,177,1
322,-9.5,226,376,174,1
312,-9.5,226,376,171,1
303,-9.5,226,376,168,1
293,-9.5,226,376,165,0
284,-9.0,226,376,162,0
276,-8.5,226,376,159,0
268,-8.0,226,376,156,0
260,-7.5,226,376,153,0
253,-7.0,226,376,150,0
247,-6.5,226,376,147,0
241,-6.0,226,376,144,0
235,-5.5,226,376,141,0
230,-5.0,226,376,138,0
226,-4.5,226,376,135,0
222,-4.0,226,376,132,0
218,-3.5,226,376,129,0
215,-3.0,226,376,126,0
213,-2.5,226,376,123,0
211,-2.0,226,376,120,0
209,-1.5,226,376,117,0
208,-1.0,226,376,114,0
208,-0.5,226,376,111,0
208,0.0,226,376,108,0
208,0.5,226,376,105,0
209,1.0,226,376,102,0
211,1.5,226,376,99,0
213,2.0,226,376,96,0
215,2.5,226,376,93,0
218,3.0,226,376,90,0
222,3.5,226,376,87,0
226,4.0,226,376,84,0
230,4.5,226,376,81,0
235,5.0,226,376,78,0
241,5.5,226,376,75,0
247,6.0,226,376,72,0
253,6.5,226,376,69,0
260,7.0,226,376,66,0
268,7.5,226,376,63,0
276,8.0,226,376,60,0
284,8.5,226,376,57,0
293,9.0,226,376,54,0
303,9.5,226,376,51,0
313,10.0,226,376,48,1
303,-9.5,226,376,45,1
294,-9.5,226,376,42,0
285,-9.0,226,376,39,0
276,-8.5,226,376,36,0
268,-8.0,226,376,33,0
261,-7.5,226,376,30,0
254,-7.0,226,376,27,0
247,-6.5,226,376,24,0
241,-6.0,226,376,21,0
236,-5.5,226,376,18,0
231,-5.0,226,376,15,0
226,-4.5,226,376,12,0
